name,email,phone
Godard Peare,gpeare0@hugedomains.com,587-128-9278
Sylvan Vallow,svallow1@mapquest.com,553-635-9912
Kati Howey,khowey2@senate.gov,155-631-3018
Pammie Drew,pdrew3@live.com,856-459-8762
Sarine Dudson,sdudson4@pinterest.com,594-680-4270
Marin Keeves,mkeeves5@blogspot.com,887-677-9230
Sybille Cawker,scawker6@bravesites.com,984-411-3919
Sydney Skeete,sskeete7@ocn.ne.jp,973-929-8306
Guthrie Bech,gbech8@blogger.com,791-621-2698
Dene Juggings,djuggings9@mail.ru,321-541-1557
Georgette Steinson,gsteinsona@dion.ne.jp,796-683-2260
Lusa Humphries,lhumphriesb@ebay.com,988-438-2606
Thadeus Grodden,tgroddenc@guardian.co.uk,214-276-0189
Sheilakathryn Couling,scoulingd@hibu.com,122-454-8312
Starlene Bonnett,sbonnette@slashdot.org,474-286-9719
Wanids Colebourne,wcolebournef@paypal.com,667-216-5734
Avictor Groundwater,agroundwaterg@1und1.de,633-206-9950
Henryetta Cowderay,hcowderayh@g.co,155-963-5779
Ogdon Covell,ocovelli@studiopress.com,429-889-4321
Antone Sawter,asawterj@ted.com,540-723-4427
